연번,유 치 원 명,소 재 지,전화번호,비고
1,경복유치원,세검정로1길 95 (홍은동 455 벽산아파트내),396-8384,사립
2,명지유치원,명지2길 37 (홍은2동 361-20),302-5296,사립
3,벧엘유치원,연희로10길 17-6 (연희동 301-1),333-9941,사립
4,삼성유치원,증가로20나길 12 (북가좌2동 5-33),372-2211,사립
5,새나유치원,가재울로45 (남가좌동 376-1),304-3130,사립
6,선재유치원,세검정로4다길 17 (홍제3동 6-18),394-1057,사립
7,세종유치원,거북골로14길 5 (북가좌2동 449),372-0404,사립
8,숙명유치원,세무서2길 62 (홍제2동 12),391-6258,사립
9,신촌유치원,신촌로43 (창천동 113-10),324-0671,사립
10,신현유치원,이화여대8길 28 (대현동 62-1),313-6778,사립
11,연유치원,명지대길39-4 (남가좌2동 322-35),307-4091,사립
12,예그린유치원,홍제내길84 (홍제1동 361-40),394-2491,사립
13,이대부속유치원,이화여대길52 (대현동 11-1),362-6177,사립
14,인왕유치원,통일로32길 23 (홍제2동 105-88),738-1486,사립
15,자연유치원,수색로 100(북가좌동 144),303-1455,사립
16,조은유치원,증가로191 (남가좌2동 377),309-4415,사립
17,충암유치원,가좌로5길 5 (남가좌2동 2-3),372-8678,사립
18,한양제일유치원,모래내로28길 21 (홍제1동 82),737-5182,사립
19,해맑은 유치원,거북골로21길 55(북가좌동 374-1),306-6001,사립
20,현대경복유치원,통일로34길 66 (홍제2동 460),396-4271,사립
21,현대홍익유치원,모래내로432 (홍제2동 456),720-3004,사립
22,홍제성당유치원,통일로40길 18 (홍제3동 301-6),396-7704,사립
23,금화병설유치원,통일로165 (천연동 13),364-1446,공립
24,북성유치원,북아현로5나길 86-10 (북아현동 215),365-2061,공립
25,인왕병설유치원,세무서길33-9 (홍제2동 245-1),391-9520,공립
26,홍제병설유치원,홍은중앙로13 (홍은1동 48),396-7239,공립
